-- MySQL dump 10.13  Distrib 5.5.30, for debian-linux-gnu (x86_64)
--
-- Host: localhost    Database: ganymede
-- ------------------------------------------------------
-- Server version	5.5.30-1~dotdeb.0

/*!40101 SET @OLD_CHARACTER_SET_CLIENT=@@CHARACTER_SET_CLIENT */;
/*!40101 SET @OLD_CHARACTER_SET_RESULTS=@@CHARACTER_SET_RESULTS */;
/*!40101 SET @OLD_COLLATION_CONNECTION=@@COLLATION_CONNECTION */;
/*!40101 SET NAMES utf8 */;
/*!40103 SET @OLD_TIME_ZONE=@@TIME_ZONE */;
/*!40103 SET TIME_ZONE='+00:00' */;
/*!40014 SET @OLD_UNIQUE_CHECKS=@@UNIQUE_CHECKS, UNIQUE_CHECKS=0 */;
/*!40014 SET @OLD_FOREIGN_KEY_CHECKS=@@FOREIGN_KEY_CHECKS, FOREIGN_KEY_CHECKS=0 */;
/*!40101 SET @OLD_SQL_MODE=@@SQL_MODE, SQL_MODE='NO_AUTO_VALUE_ON_ZERO' */;
/*!40111 SET @OLD_SQL_NOTES=@@SQL_NOTES, SQL_NOTES=0 */;

--
-- Table structure for table `gany_jobs`
--

DROP TABLE IF EXISTS `gany_jobs`;
/*!40101 SET @saved_cs_client     = @@character_set_client */;
/*!40101 SET character_set_client = utf8 */;
CREATE TABLE `gany_jobs` (
  `job_id` int(11) NOT NULL AUTO_INCREMENT,
  `name` varchar(80) DEFAULT NULL,
  `repo` varchar(255) DEFAULT NULL,
  `branch` varchar(80) DEFAULT NULL,
  `env` text,
  `tests` text,
  PRIMARY KEY (`job_id`),
  UNIQUE KEY `name` (`name`)
) ENGINE=InnoDB AUTO_INCREMENT=5 DEFAULT CHARSET=utf8;
/*!40101 SET character_set_client = @saved_cs_client */;

--
-- Dumping data for table `gany_jobs`
--

LOCK TABLES `gany_jobs` WRITE;
/*!40000 ALTER TABLE `gany_jobs` DISABLE KEYS */;
INSERT INTO `gany_jobs` VALUES (2,'Все станицы отдаются','callisto','master','<?php\ndefined(\'YII_CONFIG\') or define(\'YII_CONFIG\', \'ua\');\ndefined(\'YII_DEBUG\') or define(\'YII_DEBUG\', false);\ndefined(\'YII_TRACE_LEVEL\') or define(\'YII_TRACE_LEVEL\', 5);\ndefined(\'YII_MONGO_CACHE\') or define(\'YII_MONGO_CACHE\', false);\nif (YII_DEBUG)\n    error_reporting(E_ALL & ~E_NOTICE);\n\ndefined(\'ADMIN_MODE\') or define(\'ADMIN_MODE\', YII_DEBUG && in_array($_SERVER[\'REMOTE_ADDR\'],\n    array(\'212.90.34.55\', \'109.197.216.223\', \'78.27.177.14\', \'109.197.219.74\')));\n\nrequire_once(\'/usr/share/yii/framework/yii.php\');\n?>','[\"NewBuildingPetrovskiyKvartal\",\"NovostroykiGoloseevskiy\",\"CottageMain\",\"NovostroykiSearch\",\"CottageOnMap\",\"NovostroykiActionsList\",\"NovostroykiKiev\",\"NovostroykiEconomClass\",\"CottageVushneveMistechko\",\"BuilderLikoHolding\",\"NovostroykiBusinessClass\",\"NovostroykiOnMap\",\"NovostroykiOfKievRegion\",\"NovostroykiAds\",\"CottageOfKievRegion\",\"NovostroykiKrim\",\"CottageKievSvyatoshinskiyRegion\",\"CottageSearch\",\"NovostroykiEliteClass\",\"NovostroykiMain\",\"NovostroykiActionsRss\"]'),(3,'Попробовать тест','callisto','master','<?php\ndefined(\'YII_CONFIG\') or define(\'YII_CONFIG\', \'ua\');\ndefined(\'YII_DEBUG\') or define(\'YII_DEBUG\', false);\ndefined(\'YII_TRACE_LEVEL\') or define(\'YII_TRACE_LEVEL\', 5);\ndefined(\'YII_MONGO_CACHE\') or define(\'YII_MONGO_CACHE\', false);\nif (YII_DEBUG)\n    error_reporting(E_ALL & ~E_NOTICE);\n\ndefined(\'ADMIN_MODE\') or define(\'ADMIN_MODE\', YII_DEBUG && in_array($_SERVER[\'REMOTE_ADDR\'],\n    array(\'212.90.34.55\', \'109.197.216.223\', \'78.27.177.14\', \'109.197.219.74\')));\n\nrequire_once(\'/usr/share/yii/framework/yii.php\');\n?>','[\"NovostroykiMain\",\"NovostroykiMain_DistrictsLoadOnCitySelect\"]'),(4,'Тестирование автокомплита','callisto','develop','<?php\ndefined(\'YII_CONFIG\') or define(\'YII_CONFIG\', \'ua\');\ndefined(\'YII_DEBUG\') or define(\'YII_DEBUG\', false);\ndefined(\'YII_TRACE_LEVEL\') or define(\'YII_TRACE_LEVEL\', 5);\ndefined(\'YII_MONGO_CACHE\') or define(\'YII_MONGO_CACHE\', false);\nif (YII_DEBUG)\n    error_reporting(E_ALL & ~E_NOTICE);\n\ndefined(\'ADMIN_MODE\') or define(\'ADMIN_MODE\', YII_DEBUG && in_array($_SERVER[\'REMOTE_ADDR\'],\n    array(\'212.90.34.55\', \'109.197.216.223\', \'78.27.177.14\', \'109.197.219.74\')));\n\nrequire_once(\'/usr/share/yii/framework/yii.php\');\n?>','[\"NewBuilding1170\",\"NewBuilding1170_NewBuilding1170TypeaheadTest\",\"NovostroykiOnMap\",\"NovostroykiOnMap_NovostroykiOnMapTypeahead\",\"NovostroykiMain\",\"NovostroykiMain_NovostroykiMainSearchTypeahead\"]');
/*!40000 ALTER TABLE `gany_jobs` ENABLE KEYS */;
UNLOCK TABLES;

--
-- Table structure for table `gany_tasks`
--

DROP TABLE IF EXISTS `gany_tasks`;
/*!40101 SET @saved_cs_client     = @@character_set_client */;
/*!40101 SET character_set_client = utf8 */;
CREATE TABLE `gany_tasks` (
  `task_id` int(11) NOT NULL AUTO_INCREMENT,
  `job_id` int(11) DEFAULT NULL,
  `status` enum('waiting','running','fail','success') NOT NULL DEFAULT 'waiting',
  `add_time` timestamp NOT NULL DEFAULT CURRENT_TIMESTAMP ON UPDATE CURRENT_TIMESTAMP,
  `end_time` timestamp NOT NULL DEFAULT '0000-00-00 00:00:00',
  `log` text NOT NULL,
  `artifacts` text NOT NULL,
  PRIMARY KEY (`task_id`),
  KEY `job_id` (`job_id`),
  CONSTRAINT `gany_tasks_ibfk_1` FOREIGN KEY (`job_id`) REFERENCES `gany_jobs` (`job_id`)
) ENGINE=InnoDB AUTO_INCREMENT=19 DEFAULT CHARSET=utf8;
/*!40101 SET character_set_client = @saved_cs_client */;

--
-- Dumping data for table `gany_tasks`
--

LOCK TABLES `gany_tasks` WRITE;
/*!40000 ALTER TABLE `gany_tasks` DISABLE KEYS */;
INSERT INTO `gany_tasks` VALUES (1,2,'fail','2013-02-20 10:13:28','2013-02-20 10:07:51','\nERR: Already on \'master\'\n\nERR: From github.com:skliarovskyi/callisto\n   9f386a8..4d70fe1  develop    -> origin/develop\n\nOUT: HEAD is now at 9f386a8 stupid fix\n\nRunning test \'NewBuildingPetrovskiyKvartal\'\nsuccess\nRunning test \'NovostroykiGoloseevskiy\'\nsuccess\nRunning test \'CottageMain\'\nsuccess\nRunning test \'NovostroykiSearch\'\nsuccess\nRunning test \'CottageOnMap\'\nsuccess\nRunning test \'NovostroykiActionsList\'\nsuccess\nRunning test \'NovostroykiKiev\'\nAssertion failed: \nfail\nRunning test \'NovostroykiEconomClass\'\nsuccess\nRunning test \'CottageVushneveMistechko\'\nsuccess\nRunning test \'BuilderLikoHolding\'\nsuccess\nRunning test \'NovostroykiBusinessClass\'\nsuccess\nRunning test \'NovostroykiOnMap\'\nsuccess\nRunning test \'NovostroykiOfKievRegion\'\nsuccess\nRunning test \'NovostroykiAds\'\nsuccess\nRunning test \'CottageOfKievRegion\'\nsuccess\nRunning test \'NovostroykiKrim\'\nsuccess\nRunning test \'CottageKievSvyatoshinskiyRegion\'\nAssertion failed: \nfail\nRunning test \'CottageSearch\'\nsuccess\nRunning test \'NovostroykiEliteClass\'\nsuccess\nRunning test \'NovostroykiMain\'\nsuccess\nRunning test \'NovostroykiActionsRss\'\nsuccess','[{\"source\": \"NovostroykiKiev\", \"type\": \"snapshot\", \"path\": \"/tasks/1/artifacts/sc_0.png\"}, {\"source\": \"CottageKievSvyatoshinskiyRegion\", \"type\": \"snapshot\", \"path\": \"/tasks/1/artifacts/sc_1.png\"}]'),(2,2,'fail','2013-02-20 10:31:52','2013-02-20 10:29:34','\nERR: Already on \'master\'\n\nOUT: HEAD is now at 9f386a8 stupid fix\n\nRunning test \'NewBuildingPetrovskiyKvartal\'\nurl: \'http://novostroyki.lun.ua/жк-петровский-квартал-837\'\nsuccess\nRunning test \'NovostroykiGoloseevskiy\'\nurl: \'http://novostroyki.lun.ua/новостройки-голосеевский-район\'\nsuccess\nRunning test \'CottageMain\'\nurl: \'http://cottage.lun.ua/\'\nsuccess\nRunning test \'NovostroykiSearch\'\nurl: \'http://novostroyki.lun.ua/поиск-новостроек\'\nsuccess\nRunning test \'CottageOnMap\'\nurl: \'http://cottage.lun.ua/коттеджи-на-карте\'\nsuccess\nRunning test \'NovostroykiActionsList\'\nurl: \'http://novostroyki.lun.ua/акции/2013/2\'\nsuccess\nRunning test \'NovostroykiKiev\'\nurl: \'http://novostroyki.lun.ua/новостройки-киева\'\nAssertion failed: HTTP Response status expected 200, recieved 404\nfail\nRunning test \'NovostroykiEconomClass\'\nurl: \'http://novostroyki.lun.ua/новостройки-эконом-класса\'\nsuccess\nRunning test \'CottageVushneveMistechko\'\nurl: \'http://cottage.lun.ua/вишневе-містечко-1248\'\nsuccess\nRunning test \'BuilderLikoHolding\'\nurl: \'http://novostroyki.lun.ua/тов-тмо-лико-холдинг\'\nsuccess\nRunning test \'NovostroykiBusinessClass\'\nurl: \'http://novostroyki.lun.ua/новостройки-бизнес-класса\'\nsuccess\nRunning test \'NovostroykiOnMap\'\nurl: \'http://novostroyki.lun.ua/новостройки-на-карте\'\nsuccess\nRunning test \'NovostroykiOfKievRegion\'\nurl: \'http://novostroyki.lun.ua/новостройки-киевской-области\'\nsuccess\nRunning test \'NovostroykiAds\'\nurl: \'http://novostroyki.lun.ua/ads\'\nsuccess\nRunning test \'CottageOfKievRegion\'\nurl: \'http://cottage.lun.ua/коттеджи-киевской-области\'\nsuccess\nRunning test \'NovostroykiKrim\'\nurl: \'http://novostroyki.lun.ua/новостройки-крыма\'\nsuccess\nRunning test \'CottageKievSvyatoshinskiyRegion\'\nurl: \'http://cottage.lun.ua/коттеджи-киево-святошинский-район\'\nsuccess\nRunning test \'CottageSearch\'\nurl: \'http://cottage.lun.ua/поиск-коттеджей\'\nsuccess\nRunning test \'NovostroykiEliteClass\'\nurl: \'http://novostroyki.lun.ua/новостройки-элитного-класса\'\nsuccess\nRunning test \'NovostroykiMain\'\nurl: \'http://novostroyki.lun.ua/\'\nsuccess\nRunning test \'NovostroykiActionsRss\'\nurl: \'http://novostroyki.lun.ua/акции.rss\'\nsuccess','[{\"source\": \"NovostroykiKiev\", \"type\": \"snapshot\", \"path\": \"/tasks/2/artifacts/sc_0.png\"}]'),(3,2,'fail','2013-02-20 10:44:45','2013-02-20 10:40:19','\nERR: Already on \'master\'\n\nOUT: HEAD is now at 9f386a8 stupid fix\n\nRunning test \'NewBuildingPetrovskiyKvartal\'\nERROR: \'ascii\' codec can\'t encode characters in position 26-27: ordinal not in range(128)\nTraceback (most recent call last):\n  File \"/home/pavlo/main/ganymede/testing_runtime/tasks.py\", line 24, in run_test\n    test.run()\n  File \"/home/pavlo/main/ganymede/testlib/utils.py\", line 98, in run\n    logger.write( u\"url: \'{0}\'\".format(html.link(self.url, self.url)) )\n  File \"/home/pavlo/main/ganymede/testing_runtime/web/decorators/html.py\", line 2, in link\n    return \"<a href=\'{0}\'>{1}</a>\".format(url, title)\nUnicodeEncodeError: \'ascii\' codec can\'t encode characters in position 26-27: ordinal not in range(128)\n\nfail\nRunning test \'NovostroykiGoloseevskiy\'\nERROR: \'ascii\' codec can\'t encode characters in position 26-36: ordinal not in range(128)\nTraceback (most recent call last):\n  File \"/home/pavlo/main/ganymede/testing_runtime/tasks.py\", line 24, in run_test\n    test.run()\n  File \"/home/pavlo/main/ganymede/testlib/utils.py\", line 98, in run\n    logger.write( u\"url: \'{0}\'\".format(html.link(self.url, self.url)) )\n  File \"/home/pavlo/main/ganymede/testing_runtime/web/decorators/html.py\", line 2, in link\n    return \"<a href=\'{0}\'>{1}</a>\".format(url, title)\nUnicodeEncodeError: \'ascii\' codec can\'t encode characters in position 26-36: ordinal not in range(128)\n\nfail\nRunning test \'CottageMain\'\nurl: \'<a href=\'http://cottage.lun.ua/\'>http://cottage.lun.ua/</a>\'\nsuccess\nRunning test \'NovostroykiSearch\'\nERROR: \'ascii\' codec can\'t encode characters in position 26-30: ordinal not in range(128)\nTraceback (most recent call last):\n  File \"/home/pavlo/main/ganymede/testing_runtime/tasks.py\", line 24, in run_test\n    test.run()\n  File \"/home/pavlo/main/ganymede/testlib/utils.py\", line 98, in run\n    logger.write( u\"url: \'{0}\'\".format(html.link(self.url, self.url)) )\n  File \"/home/pavlo/main/ganymede/testing_runtime/web/decorators/html.py\", line 2, in link\n    return \"<a href=\'{0}\'>{1}</a>\".format(url, title)\nUnicodeEncodeError: \'ascii\' codec can\'t encode characters in position 26-30: ordinal not in range(128)\n\nfail\nRunning test \'CottageOnMap\'\nERROR: \'ascii\' codec can\'t encode characters in position 22-29: ordinal not in range(128)\nTraceback (most recent call last):\n  File \"/home/pavlo/main/ganymede/testing_runtime/tasks.py\", line 24, in run_test\n    test.run()\n  File \"/home/pavlo/main/ganymede/testlib/utils.py\", line 98, in run\n    logger.write( u\"url: \'{0}\'\".format(html.link(self.url, self.url)) )\n  File \"/home/pavlo/main/ganymede/testing_runtime/web/decorators/html.py\", line 2, in link\n    return \"<a href=\'{0}\'>{1}</a>\".format(url, title)\nUnicodeEncodeError: \'ascii\' codec can\'t encode characters in position 22-29: ordinal not in range(128)\n\nfail\nRunning test \'NovostroykiActionsList\'\nERROR: \'ascii\' codec can\'t encode characters in position 26-30: ordinal not in range(128)\nTraceback (most recent call last):\n  File \"/home/pavlo/main/ganymede/testing_runtime/tasks.py\", line 24, in run_test\n    test.run()\n  File \"/home/pavlo/main/ganymede/testlib/utils.py\", line 98, in run\n    logger.write( u\"url: \'{0}\'\".format(html.link(self.url, self.url)) )\n  File \"/home/pavlo/main/ganymede/testing_runtime/web/decorators/html.py\", line 2, in link\n    return \"<a href=\'{0}\'>{1}</a>\".format(url, title)\nUnicodeEncodeError: \'ascii\' codec can\'t encode characters in position 26-30: ordinal not in range(128)\n\nfail\nRunning test \'NovostroykiKiev\'\nERROR: \'ascii\' codec can\'t encode characters in position 26-28: ordinal not in range(128)\nTraceback (most recent call last):\n  File \"/home/pavlo/main/ganymede/testing_runtime/tasks.py\", line 24, in run_test\n    test.run()\n  File \"/home/pavlo/main/ganymede/testlib/utils.py\", line 98, in run\n    logger.write( u\"url: \'{0}\'\".format(html.link(self.url, self.url)) )\n  File \"/home/pavlo/main/ganymede/testing_runtime/web/decorators/html.py\", line 2, in link\n    return \"<a href=\'{0}\'>{1}</a>\".format(url, title)\nUnicodeEncodeError: \'ascii\' codec can\'t encode characters in position 26-28: ordinal not in range(128)\n\nfail\nRunning test \'NovostroykiEconomClass\'\nERROR: \'ascii\' codec can\'t encode characters in position 26-36: ordinal not in range(128)\nTraceback (most recent call last):\n  File \"/home/pavlo/main/ganymede/testing_runtime/tasks.py\", line 24, in run_test\n    test.run()\n  File \"/home/pavlo/main/ganymede/testlib/utils.py\", line 98, in run\n    logger.write( u\"url: \'{0}\'\".format(html.link(self.url, self.url)) )\n  File \"/home/pavlo/main/ganymede/testing_runtime/web/decorators/html.py\", line 2, in link\n    return \"<a href=\'{0}\'>{1}</a>\".format(url, title)\nUnicodeEncodeError: \'ascii\' codec can\'t encode characters in position 26-36: ordinal not in range(128)\n\nfail\nRunning test \'CottageVushneveMistechko\'\nERROR: \'ascii\' codec can\'t encode characters in position 22-28: ordinal not in range(128)\nTraceback (most recent call last):\n  File \"/home/pavlo/main/ganymede/testing_runtime/tasks.py\", line 24, in run_test\n    test.run()\n  File \"/home/pavlo/main/ganymede/testlib/utils.py\", line 98, in run\n    logger.write( u\"url: \'{0}\'\".format(html.link(self.url, self.url)) )\n  File \"/home/pavlo/main/ganymede/testing_runtime/web/decorators/html.py\", line 2, in link\n    return \"<a href=\'{0}\'>{1}</a>\".format(url, title)\nUnicodeEncodeError: \'ascii\' codec can\'t encode characters in position 22-28: ordinal not in range(128)\n\nfail\nRunning test \'BuilderLikoHolding\'\nERROR: \'ascii\' codec can\'t encode characters in position 26-28: ordinal not in range(128)\nTraceback (most recent call last):\n  File \"/home/pavlo/main/ganymede/testing_runtime/tasks.py\", line 24, in run_test\n    test.run()\n  File \"/home/pavlo/main/ganymede/testlib/utils.py\", line 98, in run\n    logger.write( u\"url: \'{0}\'\".format(html.link(self.url, self.url)) )\n  File \"/home/pavlo/main/ganymede/testing_runtime/web/decorators/html.py\", line 2, in link\n    return \"<a href=\'{0}\'>{1}</a>\".format(url, title)\nUnicodeEncodeError: \'ascii\' codec can\'t encode characters in position 26-28: ordinal not in range(128)\n\nfail\nRunning test \'NovostroykiBusinessClass\'\nERROR: \'ascii\' codec can\'t encode characters in position 26-36: ordinal not in range(128)\nTraceback (most recent call last):\n  File \"/home/pavlo/main/ganymede/testing_runtime/tasks.py\", line 24, in run_test\n    test.run()\n  File \"/home/pavlo/main/ganymede/testlib/utils.py\", line 98, in run\n    logger.write( u\"url: \'{0}\'\".format(html.link(self.url, self.url)) )\n  File \"/home/pavlo/main/ganymede/testing_runtime/web/decorators/html.py\", line 2, in link\n    return \"<a href=\'{0}\'>{1}</a>\".format(url, title)\nUnicodeEncodeError: \'ascii\' codec can\'t encode characters in position 26-36: ordinal not in range(128)\n\nfail\nRunning test \'NovostroykiOnMap\'\nERROR: \'ascii\' codec can\'t encode characters in position 26-36: ordinal not in range(128)\nTraceback (most recent call last):\n  File \"/home/pavlo/main/ganymede/testing_runtime/tasks.py\", line 24, in run_test\n    test.run()\n  File \"/home/pavlo/main/ganymede/testlib/utils.py\", line 98, in run\n    logger.write( u\"url: \'{0}\'\".format(html.link(self.url, self.url)) )\n  File \"/home/pavlo/main/ganymede/testing_runtime/web/decorators/html.py\", line 2, in link\n    return \"<a href=\'{0}\'>{1}</a>\".format(url, title)\nUnicodeEncodeError: \'ascii\' codec can\'t encode characters in position 26-36: ordinal not in range(128)\n\nfail\nRunning test \'NovostroykiOfKievRegion\'\nERROR: \'ascii\' codec can\'t encode characters in position 26-36: ordinal not in range(128)\nTraceback (most recent call last):\n  File \"/home/pavlo/main/ganymede/testing_runtime/tasks.py\", line 24, in run_test\n    test.run()\n  File \"/home/pavlo/main/ganymede/testlib/utils.py\", line 98, in run\n    logger.write( u\"url: \'{0}\'\".format(html.link(self.url, self.url)) )\n  File \"/home/pavlo/main/ganymede/testing_runtime/web/decorators/html.py\", line 2, in link\n    return \"<a href=\'{0}\'>{1}</a>\".format(url, title)\nUnicodeEncodeError: \'ascii\' codec can\'t encode characters in position 26-36: ordinal not in range(128)\n\nfail\nRunning test \'NovostroykiAds\'\nurl: \'<a href=\'http://novostroyki.lun.ua/ads\'>http://novostroyki.lun.ua/ads</a>\'\nsuccess\nRunning test \'CottageOfKievRegion\'\nERROR: \'ascii\' codec can\'t encode characters in position 22-29: ordinal not in range(128)\nTraceback (most recent call last):\n  File \"/home/pavlo/main/ganymede/testing_runtime/tasks.py\", line 24, in run_test\n    test.run()\n  File \"/home/pavlo/main/ganymede/testlib/utils.py\", line 98, in run\n    logger.write( u\"url: \'{0}\'\".format(html.link(self.url, self.url)) )\n  File \"/home/pavlo/main/ganymede/testing_runtime/web/decorators/html.py\", line 2, in link\n    return u\"<a href=\'{0}\'>{1}</a>\".format(url, title)\nUnicodeEncodeError: \'ascii\' codec can\'t encode characters in position 22-29: ordinal not in range(128)\n\nfail\nRunning test \'NovostroykiKrim\'\nERROR: \'ascii\' codec can\'t encode characters in position 26-36: ordinal not in range(128)\nTraceback (most recent call last):\n  File \"/home/pavlo/main/ganymede/testing_runtime/tasks.py\", line 24, in run_test\n    test.run()\n  File \"/home/pavlo/main/ganymede/testlib/utils.py\", line 98, in run\n    logger.write( u\"url: \'{0}\'\".format(html.link(self.url, self.url)) )\n  File \"/home/pavlo/main/ganymede/testing_runtime/web/decorators/html.py\", line 2, in link\n    return u\"<a href=\'{0}\'>{1}</a>\".format(url, title)\nUnicodeEncodeError: \'ascii\' codec can\'t encode characters in position 26-36: ordinal not in range(128)\n\nfail\nRunning test \'CottageKievSvyatoshinskiyRegion\'\nERROR: \'ascii\' codec can\'t encode characters in position 22-29: ordinal not in range(128)\nTraceback (most recent call last):\n  File \"/home/pavlo/main/ganymede/testing_runtime/tasks.py\", line 24, in run_test\n    test.run()\n  File \"/home/pavlo/main/ganymede/testlib/utils.py\", line 98, in run\n    logger.write( u\"url: \'{0}\'\".format(html.link(self.url, self.url)) )\n  File \"/home/pavlo/main/ganymede/testing_runtime/web/decorators/html.py\", line 2, in link\n    return u\"<a href=\'{0}\'>{1}</a>\".format(url, title)\nUnicodeEncodeError: \'ascii\' codec can\'t encode characters in position 22-29: ordinal not in range(128)\n\nfail\nRunning test \'CottageSearch\'\nERROR: \'ascii\' codec can\'t encode characters in position 22-26: ordinal not in range(128)\nTraceback (most recent call last):\n  File \"/home/pavlo/main/ganymede/testing_runtime/tasks.py\", line 24, in run_test\n    test.run()\n  File \"/home/pavlo/main/ganymede/testlib/utils.py\", line 98, in run\n    logger.write( u\"url: \'{0}\'\".format(html.link(self.url, self.url)) )\n  File \"/home/pavlo/main/ganymede/testing_runtime/web/decorators/html.py\", line 2, in link\n    return u\"<a href=\'{0}\'>{1}</a>\".format(url, title)\nUnicodeEncodeError: \'ascii\' codec can\'t encode characters in position 22-26: ordinal not in range(128)\n\nfail\nRunning test \'NovostroykiEliteClass\'\nERROR: \'ascii\' codec can\'t encode characters in position 26-36: ordinal not in range(128)\nTraceback (most recent call last):\n  File \"/home/pavlo/main/ganymede/testing_runtime/tasks.py\", line 24, in run_test\n    test.run()\n  File \"/home/pavlo/main/ganymede/testlib/utils.py\", line 98, in run\n    logger.write( u\"url: \'{0}\'\".format(html.link(self.url, self.url)) )\n  File \"/home/pavlo/main/ganymede/testing_runtime/web/decorators/html.py\", line 2, in link\n    return u\"<a href=\'{0}\'>{1}</a>\".format(url, title)\nUnicodeEncodeError: \'ascii\' codec can\'t encode characters in position 26-36: ordinal not in range(128)\n\nfail\nRunning test \'NovostroykiMain\'\nurl: \'<a href=\'http://novostroyki.lun.ua/\'>http://novostroyki.lun.ua/</a>\'\nsuccess\nRunning test \'NovostroykiActionsRss\'\nERROR: \'ascii\' codec can\'t encode characters in position 26-30: ordinal not in range(128)\nTraceback (most recent call last):\n  File \"/home/pavlo/main/ganymede/testing_runtime/tasks.py\", line 24, in run_test\n    test.run()\n  File \"/home/pavlo/main/ganymede/testlib/utils.py\", line 98, in run\n    logger.write( u\"url: \'{0}\'\".format(html.link(self.url, self.url)) )\n  File \"/home/pavlo/main/ganymede/testing_runtime/web/decorators/html.py\", line 2, in link\n    return u\"<a href=\'{0}\'>{1}</a>\".format(url, title)\nUnicodeEncodeError: \'ascii\' codec can\'t encode characters in position 26-30: ordinal not in range(128)\n\nfail','[{\"source\": \"NewBuildingPetrovskiyKvartal\", \"type\": \"snapshot\", \"path\": \"/tasks/3/artifacts/sc_0.png\"}, {\"source\": \"NovostroykiGoloseevskiy\", \"type\": \"snapshot\", \"path\": \"/tasks/3/artifacts/sc_1.png\"}, {\"source\": \"NovostroykiSearch\", \"type\": \"snapshot\", \"path\": \"/tasks/3/artifacts/sc_2.png\"}, {\"source\": \"CottageOnMap\", \"type\": \"snapshot\", \"path\": \"/tasks/3/artifacts/sc_3.png\"}, {\"source\": \"NovostroykiActionsList\", \"type\": \"snapshot\", \"path\": \"/tasks/3/artifacts/sc_4.png\"}, {\"source\": \"NovostroykiKiev\", \"type\": \"snapshot\", \"path\": \"/tasks/3/artifacts/sc_5.png\"}, {\"source\": \"NovostroykiEconomClass\", \"type\": \"snapshot\", \"path\": \"/tasks/3/artifacts/sc_6.png\"}, {\"source\": \"CottageVushneveMistechko\", \"type\": \"snapshot\", \"path\": \"/tasks/3/artifacts/sc_7.png\"}, {\"source\": \"BuilderLikoHolding\", \"type\": \"snapshot\", \"path\": \"/tasks/3/artifacts/sc_8.png\"}, {\"source\": \"NovostroykiBusinessClass\", \"type\": \"snapshot\", \"path\": \"/tasks/3/artifacts/sc_9.png\"}, {\"source\": \"NovostroykiOnMap\", \"type\": \"snapshot\", \"path\": \"/tasks/3/artifacts/sc_10.png\"}, {\"source\": \"NovostroykiOfKievRegion\", \"type\": \"snapshot\", \"path\": \"/tasks/3/artifacts/sc_11.png\"}, {\"source\": \"CottageOfKievRegion\", \"type\": \"snapshot\", \"path\": \"/tasks/3/artifacts/sc_12.png\"}, {\"source\": \"NovostroykiKrim\", \"type\": \"snapshot\", \"path\": \"/tasks/3/artifacts/sc_13.png\"}, {\"source\": \"CottageKievSvyatoshinskiyRegion\", \"type\": \"snapshot\", \"path\": \"/tasks/3/artifacts/sc_14.png\"}, {\"source\": \"CottageSearch\", \"type\": \"snapshot\", \"path\": \"/tasks/3/artifacts/sc_15.png\"}, {\"source\": \"NovostroykiEliteClass\", \"type\": \"snapshot\", \"path\": \"/tasks/3/artifacts/sc_16.png\"}, {\"source\": \"NovostroykiActionsRss\", \"type\": \"snapshot\", \"path\": \"/tasks/3/artifacts/sc_17.png\"}]'),(4,2,'success','2013-02-20 10:49:25','2013-02-20 10:47:09','\nERR: Already on \'master\'\n\nOUT: HEAD is now at 9f386a8 stupid fix\n\nRunning test \'NewBuildingPetrovskiyKvartal\'\nurl: <a href=\'http://novostroyki.lun.ua/жк-петровский-квартал-837\'>http://novostroyki.lun.ua/жк-петровский-квартал-837</a>\nsuccess\nRunning test \'NovostroykiGoloseevskiy\'\nurl: <a href=\'http://novostroyki.lun.ua/новостройки-голосеевский-район\'>http://novostroyki.lun.ua/новостройки-голосеевский-район</a>\nsuccess\nRunning test \'CottageMain\'\nurl: <a href=\'http://cottage.lun.ua/\'>http://cottage.lun.ua/</a>\nsuccess\nRunning test \'NovostroykiSearch\'\nurl: <a href=\'http://novostroyki.lun.ua/поиск-новостроек\'>http://novostroyki.lun.ua/поиск-новостроек</a>\nsuccess\nRunning test \'CottageOnMap\'\nurl: <a href=\'http://cottage.lun.ua/коттеджи-на-карте\'>http://cottage.lun.ua/коттеджи-на-карте</a>\nsuccess\nRunning test \'NovostroykiActionsList\'\nurl: <a href=\'http://novostroyki.lun.ua/акции/2013/2\'>http://novostroyki.lun.ua/акции/2013/2</a>\nsuccess\nRunning test \'NovostroykiKiev\'\nurl: <a href=\'http://novostroyki.lun.ua/все-новостройки-киева\'>http://novostroyki.lun.ua/все-новостройки-киева</a>\nsuccess\nRunning test \'NovostroykiEconomClass\'\nurl: <a href=\'http://novostroyki.lun.ua/новостройки-эконом-класса\'>http://novostroyki.lun.ua/новостройки-эконом-класса</a>\nsuccess\nRunning test \'CottageVushneveMistechko\'\nurl: <a href=\'http://cottage.lun.ua/вишневе-містечко-1248\'>http://cottage.lun.ua/вишневе-містечко-1248</a>\nsuccess\nRunning test \'BuilderLikoHolding\'\nurl: <a href=\'http://novostroyki.lun.ua/тов-тмо-лико-холдинг\'>http://novostroyki.lun.ua/тов-тмо-лико-холдинг</a>\nsuccess\nRunning test \'NovostroykiBusinessClass\'\nurl: <a href=\'http://novostroyki.lun.ua/новостройки-бизнес-класса\'>http://novostroyki.lun.ua/новостройки-бизнес-класса</a>\nsuccess\nRunning test \'NovostroykiOnMap\'\nurl: <a href=\'http://novostroyki.lun.ua/новостройки-на-карте\'>http://novostroyki.lun.ua/новостройки-на-карте</a>\nsuccess\nRunning test \'NovostroykiOfKievRegion\'\nurl: <a href=\'http://novostroyki.lun.ua/новостройки-киевской-области\'>http://novostroyki.lun.ua/новостройки-киевской-области</a>\nsuccess\nRunning test \'NovostroykiAds\'\nurl: <a href=\'http://novostroyki.lun.ua/ads\'>http://novostroyki.lun.ua/ads</a>\nsuccess\nRunning test \'CottageOfKievRegion\'\nurl: <a href=\'http://cottage.lun.ua/коттеджи-киевской-области\'>http://cottage.lun.ua/коттеджи-киевской-области</a>\nsuccess\nRunning test \'NovostroykiKrim\'\nurl: <a href=\'http://novostroyki.lun.ua/новостройки-крыма\'>http://novostroyki.lun.ua/новостройки-крыма</a>\nsuccess\nRunning test \'CottageKievSvyatoshinskiyRegion\'\nurl: <a href=\'http://cottage.lun.ua/коттеджи-киево-святошинский-район\'>http://cottage.lun.ua/коттеджи-киево-святошинский-район</a>\nsuccess\nRunning test \'CottageSearch\'\nurl: <a href=\'http://cottage.lun.ua/поиск-коттеджей\'>http://cottage.lun.ua/поиск-коттеджей</a>\nsuccess\nRunning test \'NovostroykiEliteClass\'\nurl: <a href=\'http://novostroyki.lun.ua/новостройки-элитного-класса\'>http://novostroyki.lun.ua/новостройки-элитного-класса</a>\nsuccess\nRunning test \'NovostroykiMain\'\nurl: <a href=\'http://novostroyki.lun.ua/\'>http://novostroyki.lun.ua/</a>\nsuccess\nRunning test \'NovostroykiActionsRss\'\nurl: <a href=\'http://novostroyki.lun.ua/акции.rss\'>http://novostroyki.lun.ua/акции.rss</a>\nsuccess','[]'),(5,3,'fail','2013-02-20 12:48:48','2013-02-20 12:47:09','\nERR: Already on \'master\'\n\nERR: From github.com:skliarovskyi/callisto\n   4d70fe1..a951ff8  develop    -> origin/develop\n\nOUT: HEAD is now at 9f386a8 stupid fix\n\nRunning test \'NovostroykiMain\'\nurl: <a href=\'http://novostroyki.lun.ua/\'>http://novostroyki.lun.ua/</a>\nRunning subtest \'NovostroykiMain_NovostroykiMainSearchTypeahead\' of \'NovostroykiMain\'\nERROR: Message: u\'Unable to locate element: {\"method\":\"xpath\",\"selector\":\"/html/body/div[@class=\\\'ac_results\\\']\"}\' \nTraceback (most recent call last):\n  File \"/home/pavlo/main/ganymede/testing_runtime/tasks.py\", line 24, in run_test\n    test.run()\n  File \"/home/pavlo/main/ganymede/testlib/utils.py\", line 114, in run\n    subtest.run()\n  File \"/home/pavlo/main/ganymede/testlib/utils.py\", line 162, in run\n    ac = self.webpage.find_element_by_xpath(self.ac_xpath)\n  File \"/usr/local/lib/python2.6/dist-packages/selenium/webdriver/remote/webdriver.py\", line 214, in find_element_by_xpath\n    return self.find_element(by=By.XPATH, value=xpath)\n  File \"/usr/local/lib/python2.6/dist-packages/selenium/webdriver/remote/webdriver.py\", line 672, in find_element\n    {\'using\': by, \'value\': value})[\'value\']\n  File \"/usr/local/lib/python2.6/dist-packages/selenium/webdriver/remote/webdriver.py\", line 157, in execute\n    self.error_handler.check_response(response)\n  File \"/usr/local/lib/python2.6/dist-packages/selenium/webdriver/remote/errorhandler.py\", line 149, in check_response\n    raise exception_class(message, screen, stacktrace)\nNoSuchElementException: Message: u\'Unable to locate element: {\"method\":\"xpath\",\"selector\":\"/html/body/div[@class=\\\'ac_results\\\']\"}\' \n\nfail','[{\"source\": \"NovostroykiMain\", \"type\": \"snapshot\", \"path\": \"/tasks/5/artifacts/sc_0.png\"}]'),(6,3,'success','2013-02-20 12:54:14','2013-02-20 12:53:49','\nERR: Already on \'master\'\n\nERR: From github.com:skliarovskyi/callisto\n   a951ff8..c9bd9d1  develop    -> origin/develop\n\nOUT: HEAD is now at 9f386a8 stupid fix\n\nRunning test \'NovostroykiMain\'\nurl: <a href=\'http://novostroyki.lun.ua/\'>http://novostroyki.lun.ua/</a>\nRunning subtest \'NovostroykiMain_NovostroykiMainSearchTypeahead\' of \'NovostroykiMain\'\nsuccess','[]'),(7,3,'fail','2013-02-20 12:57:52','2013-02-20 12:57:29','\nERR: Already on \'master\'\n\nOUT: HEAD is now at 9f386a8 stupid fix\n\nRunning test \'NovostroykiMain\'\nurl: <a href=\'http://novostroyki.lun.ua/\'>http://novostroyki.lun.ua/</a>\nRunning subtest \'NovostroykiMain_NovostroykiMainSearchTypeahead\' of \'NovostroykiMain\'\nERROR: \'ascii\' codec can\'t encode characters in position 0-1: ordinal not in range(128)\nsuccess\nException raised: Traceback (most recent call last):\n  File \"/home/pavlo/main/ganymede/testing_runtime/tasks.py\", line 78, in run_any\n    result = run_task( task )\n  File \"/home/pavlo/main/ganymede/testing_runtime/tasks.py\", line 63, in run_task\n    result = run_test( test ) and result\n  File \"/home/pavlo/main/ganymede/testing_runtime/tasks.py\", line 31, in run_test\n    core.logger.write( traceback.format_exc() )\n  File \"/home/pavlo/main/ganymede/core/logger.py\", line 59, in write\n    memcached.set( derive_task_log_key(), v + \"\\n\" + s )\nUnicodeDecodeError: \'ascii\' codec can\'t decode byte 0xd0 in position 321: ordinal not in range(128)\n','[]'),(8,3,'fail','2013-02-20 13:01:39','2013-02-20 13:01:16','\nERR: Already on \'master\'\n\nERR: From github.com:skliarovskyi/callisto\n   c9bd9d1..91d84c6  develop    -> origin/develop\n\nOUT: HEAD is now at 9f386a8 stupid fix\n\nRunning test \'NovostroykiMain\'\nurl: <a href=\'http://novostroyki.lun.ua/\'>http://novostroyki.lun.ua/</a>\nRunning subtest \'NovostroykiMain_NovostroykiMainSearchTypeahead\' of \'NovostroykiMain\'\nERROR: \'ascii\' codec can\'t encode characters in position 0-1: ordinal not in range(128)\nsuccess\nException raised: Traceback (most recent call last):\n  File \"/home/pavlo/main/ganymede/testing_runtime/tasks.py\", line 78, in run_any\n    result = run_task( task )\n  File \"/home/pavlo/main/ganymede/testing_runtime/tasks.py\", line 63, in run_task\n    result = run_test( test ) and result\n  File \"/home/pavlo/main/ganymede/testing_runtime/tasks.py\", line 31, in run_test\n    core.logger.write( traceback.format_exc() )\n  File \"/home/pavlo/main/ganymede/core/logger.py\", line 59, in write\n    memcached.set( derive_task_log_key(), v + \"\\n\" + s )\nUnicodeDecodeError: \'ascii\' codec can\'t decode byte 0xd0 in position 321: ordinal not in range(128)\n','[]'),(9,3,'fail','2013-02-20 13:03:16','2013-02-20 13:02:55','\nAlready on \'master\'\n\nHEAD is now at 9f386a8 stupid fix\n\nRunning test \'NovostroykiMain\'\nurl: <a href=\'http://novostroyki.lun.ua/\'>http://novostroyki.lun.ua/</a>\nRunning subtest \'NovostroykiMain_NovostroykiMainSearchTypeahead\' of \'NovostroykiMain\'\nAssertion failed: Ошибка автокомплита: не найдено ЖК Дом с Ротондами (ул. Сухумская, Харьков) в автокомплите ЖК Голосеево (ул. Голосеевская, 13, Киев)\nул. Головатого, 20 (Борисполь)\nул. Головацкого/ул. Декарта (Львов)\nЖК Лелека (ул. Головатого, 76, Борисполь)\nfail','[{\"source\": \"NovostroykiMain\", \"type\": \"snapshot\", \"path\": \"/tasks/9/artifacts/sc_0.png\"}]'),(10,3,'success','2013-02-20 13:13:27','2013-02-20 13:12:29','\nAlready on \'master\'\n\nHEAD is now at 9f386a8 stupid fix\n\nRunning test \'NovostroykiMain\'\nurl: <a href=\'http://novostroyki.lun.ua/\'>http://novostroyki.lun.ua/</a>\nRunning subtest \'NovostroykiMain_NovostroykiMainSearchTypeahead\' of \'NovostroykiMain\'\nsuccess','[]'),(11,4,'fail','2013-02-20 13:42:28','2013-02-20 13:41:13','\nBranch develop set up to track remote branch develop from origin.\n\nSwitched to a new branch \'develop\'\n\nFrom github.com:skliarovskyi/callisto\n   91d84c6..ae00628  develop    -> origin/develop\n\nHEAD is now at ae00628 code style fixes, close #1775\n\nRunning test \'NewBuilding1170\'\nurl: <a href=\'http://novostroyki.lun.ua/ул-фрунзе-85-87-а-1170\'>http://novostroyki.lun.ua/ул-фрунзе-85-87-а-1170</a>\nAssertion failed: Comparing content on xpath /html/head/title, expect: \'Новостройки - ЛУН.ua\', recieved \'ул. Фрунзе, 85/87-А - жилой комплекс ул. Фрунзе, 85/87-А (г. Киев) - цены, фото, отзывы, форум - Новостройки ЛУН.ua\'\nfail\nRunning test \'NovostroykiOnMap\'\nurl: <a href=\'http://novostroyki.lun.ua/новостройки-на-карте\'>http://novostroyki.lun.ua/новостройки-на-карте</a>\nRunning subtest \'NovostroykiOnMap_NovostroykiOnMapTypeahead\' of \'NovostroykiOnMap\'\nERROR: Message: u\'Unable to locate element: {\"method\":\"xpath\",\"selector\":\"/html/body/div[@class=\\\'ac_results\\\']\"}\' \nTraceback (most recent call last):\n  File \"/home/pavlo/main/ganymede/testing_runtime/tasks.py\", line 24, in run_test\n    test.run()\n  File \"/home/pavlo/main/ganymede/testlib/utils.py\", line 115, in run\n    subtest.run()\n  File \"/home/pavlo/main/ganymede/testlib/utils.py\", line 157, in run\n    ac = self.webpage.find_element_by_xpath(self.ac_xpath)\n  File \"/usr/local/lib/python2.6/dist-packages/selenium/webdriver/remote/webdriver.py\", line 214, in find_element_by_xpath\n    return self.find_element(by=By.XPATH, value=xpath)\n  File \"/usr/local/lib/python2.6/dist-packages/selenium/webdriver/remote/webdriver.py\", line 672, in find_element\n    {\'using\': by, \'value\': value})[\'value\']\n  File \"/usr/local/lib/python2.6/dist-packages/selenium/webdriver/remote/webdriver.py\", line 157, in execute\n    self.error_handler.check_response(response)\n  File \"/usr/local/lib/python2.6/dist-packages/selenium/webdriver/remote/errorhandler.py\", line 149, in check_response\n    raise exception_class(message, screen, stacktrace)\nNoSuchElementException: Message: u\'Unable to locate element: {\"method\":\"xpath\",\"selector\":\"/html/body/div[@class=\\\'ac_results\\\']\"}\' \n\nfail\nRunning test \'NovostroykiMain\'\nurl: <a href=\'http://novostroyki.lun.ua/\'>http://novostroyki.lun.ua/</a>\nRunning subtest \'NovostroykiMain_NovostroykiMainSearchTypeahead\' of \'NovostroykiMain\'\nsuccess','[{\"source\": \"NewBuilding1170\", \"type\": \"snapshot\", \"path\": \"/tasks/11/artifacts/sc_0.png\"}, {\"source\": \"NovostroykiOnMap\", \"type\": \"snapshot\", \"path\": \"/tasks/11/artifacts/sc_1.png\"}]'),(12,4,'fail','2013-02-20 13:44:59','2013-02-20 13:44:11','\nAlready on \'develop\'\n\nFrom github.com:skliarovskyi/callisto\n   ae00628..619dec9  develop    -> origin/develop\n\nHEAD is now at 619dec9 tiny fix, close #1671\n\nRunning test \'NewBuilding1170\'\nurl: <a href=\'http://novostroyki.lun.ua/ул-фрунзе-85-87-а-1170\'>http://novostroyki.lun.ua/ул-фрунзе-85-87-а-1170</a>\nRunning subtest \'NewBuilding1170_NewBuilding1170TypeaheadTest\' of \'NewBuilding1170\'\nsuccess\nRunning test \'NovostroykiOnMap\'\nurl: <a href=\'http://novostroyki.lun.ua/новостройки-на-карте\'>http://novostroyki.lun.ua/новостройки-на-карте</a>\nRunning subtest \'NovostroykiOnMap_NovostroykiOnMapTypeahead\' of \'NovostroykiOnMap\'\nERROR: Message: u\'Unable to locate element: {\"method\":\"xpath\",\"selector\":\"/html/body/div[@class=\\\'ac_results\\\']\"}\' \nTraceback (most recent call last):\n  File \"/home/pavlo/main/ganymede/testing_runtime/tasks.py\", line 24, in run_test\n    test.run()\n  File \"/home/pavlo/main/ganymede/testlib/utils.py\", line 115, in run\n    subtest.run()\n  File \"/home/pavlo/main/ganymede/testlib/utils.py\", line 157, in run\n    ac = self.webpage.find_element_by_xpath(self.ac_xpath)\n  File \"/usr/local/lib/python2.6/dist-packages/selenium/webdriver/remote/webdriver.py\", line 214, in find_element_by_xpath\n    return self.find_element(by=By.XPATH, value=xpath)\n  File \"/usr/local/lib/python2.6/dist-packages/selenium/webdriver/remote/webdriver.py\", line 672, in find_element\n    {\'using\': by, \'value\': value})[\'value\']\n  File \"/usr/local/lib/python2.6/dist-packages/selenium/webdriver/remote/webdriver.py\", line 157, in execute\n    self.error_handler.check_response(response)\n  File \"/usr/local/lib/python2.6/dist-packages/selenium/webdriver/remote/errorhandler.py\", line 149, in check_response\n    raise exception_class(message, screen, stacktrace)\nNoSuchElementException: Message: u\'Unable to locate element: {\"method\":\"xpath\",\"selector\":\"/html/body/div[@class=\\\'ac_results\\\']\"}\' \n\nfail\nRunning test \'NovostroykiMain\'\nurl: <a href=\'http://novostroyki.lun.ua/\'>http://novostroyki.lun.ua/</a>\nRunning subtest \'NovostroykiMain_NovostroykiMainSearchTypeahead\' of \'NovostroykiMain\'\nsuccess','[{\"source\": \"NovostroykiOnMap\", \"type\": \"snapshot\", \"path\": \"/tasks/12/artifacts/sc_0.png\"}]'),(13,3,'fail','2013-02-20 15:31:27','2013-02-20 15:30:33','\nSwitched to branch \'master\'\n\nFrom github.com:skliarovskyi/callisto\n   619dec9..ca99673  develop    -> origin/develop\n   9f386a8..ca99673  master     -> origin/master\n\nHEAD is now at ca99673 fix redirect url at building view page\n\nRunning test \'NovostroykiGoloseevskiy\'\nurl: <a target=\'_blank\' href=\'http://novostroyki.lun.ua/новостройки-голосеевский-район\'>http://novostroyki.lun.ua/новостройки-голосеевский-район</a>\nRunning subtest \'NovostroykiGoloseevskiy_NovostroykiGoloseevskiyCoutner\' of \'NovostroykiGoloseevskiy\'\nAssertion failed: Текст \'Киев, Голосеевский\' встречается 25 раз, это не равно 25\nfail','[{\"source\": \"NovostroykiGoloseevskiy\", \"type\": \"snapshot\", \"path\": \"/tasks/13/artifacts/sc_0.png\"}]'),(14,3,'success','2013-02-20 15:32:42','2013-02-20 15:32:19','\nAlready on \'master\'\n\nHEAD is now at ca99673 fix redirect url at building view page\n\nRunning test \'NovostroykiGoloseevskiy\'\nurl: <a target=\'_blank\' href=\'http://novostroyki.lun.ua/новостройки-голосеевский-район\'>http://novostroyki.lun.ua/новостройки-голосеевский-район</a>\nRunning subtest \'NovostroykiGoloseevskiy_NovostroykiGoloseevskiyCoutner\' of \'NovostroykiGoloseevskiy\'\nsuccess','[]'),(15,3,'fail','2013-02-21 08:25:27','2013-02-21 08:23:42','\nAlready on \'master\'\n\nHEAD is now at ca99673 fix redirect url at building view page\n\nRunning test \'NovostroykiMain\'\nurl: <a target=\'_blank\' href=\'http://novostroyki.lun.ua/\'>http://novostroyki.lun.ua/</a>\nRunning subtest \'NovostroykiMain_DistrictsLoadOnCitySelect\' of \'NovostroykiMain\'\nERROR: list indices must be integers, not list\nTraceback (most recent call last):\n  File \"/home/pavlo/main/ganymede/testing_runtime/tasks.py\", line 24, in run_test\n    test.run()\n  File \"/home/pavlo/main/ganymede/testlib/utils.py\", line 116, in run\n    subtest.run()\n  File \"/home/pavlo/main/ganymede/testlib/utils.py\", line 202, in run\n    sel.select_by_visible_text( self.select[x][0] )\nTypeError: list indices must be integers, not list\n\nfail','[{\"source\": \"NovostroykiMain\", \"type\": \"snapshot\", \"path\": \"/tasks/15/artifacts/sc_0.png\"}]'),(16,3,'success','2013-02-21 08:27:30','2013-02-21 08:27:04','\nAlready on \'master\'\n\nHEAD is now at ca99673 fix redirect url at building view page\n\nRunning test \'NovostroykiMain\'\nurl: <a target=\'_blank\' href=\'http://novostroyki.lun.ua/\'>http://novostroyki.lun.ua/</a>\nRunning subtest \'NovostroykiMain_DistrictsLoadOnCitySelect\' of \'NovostroykiMain\'\nsuccess','[]'),(17,3,'fail','2013-02-21 08:31:01','2013-02-21 08:30:34','\nAlready on \'master\'\n\nHEAD is now at ca99673 fix redirect url at building view page\n\nRunning test \'NovostroykiMain\'\nurl: <a target=\'_blank\' href=\'http://novostroyki.lun.ua/\'>http://novostroyki.lun.ua/</a>\nRunning subtest \'NovostroykiMain_DistrictsLoadOnCitySelect\' of \'NovostroykiMain\'\nAssertion failed: При выборе \'Киев (414)\' не подгрузилось поле \'Голосевский\', подгруженные элементы: \'любой\nГолосеевский\nДарницкий\nДеснянский\nДнепровский\nОболонский\nПечерский\nПодольский\nСвятошинский\nСоломенский\nШевченковский\'\nfail','[{\"source\": \"NovostroykiMain\", \"type\": \"snapshot\", \"path\": \"/tasks/17/artifacts/sc_0.png\"}]'),(18,3,'success','2013-02-21 08:36:36','2013-02-21 08:36:12','\nAlready on \'master\'\n\nHEAD is now at ca99673 fix redirect url at building view page\n\nRunning test \'NovostroykiMain\'\nurl: <a target=\'_blank\' href=\'http://novostroyki.lun.ua/\'>http://novostroyki.lun.ua/</a>\nRunning subtest \'NovostroykiMain_DistrictsLoadOnCitySelect\' of \'NovostroykiMain\'\nsuccess','[]');
/*!40000 ALTER TABLE `gany_tasks` ENABLE KEYS */;
UNLOCK TABLES;

--
-- Table structure for table `gany_tests`
--

DROP TABLE IF EXISTS `gany_tests`;
/*!40101 SET @saved_cs_client     = @@character_set_client */;
/*!40101 SET character_set_client = utf8 */;
CREATE TABLE `gany_tests` (
  `test_id` int(11) NOT NULL AUTO_INCREMENT,
  `code` text,
  `status` enum('new','accepted') NOT NULL DEFAULT 'new',
  PRIMARY KEY (`test_id`)
) ENGINE=InnoDB AUTO_INCREMENT=35 DEFAULT CHARSET=utf8;
/*!40101 SET character_set_client = @saved_cs_client */;

--
-- Dumping data for table `gany_tests`
--

LOCK TABLES `gany_tests` WRITE;
/*!40000 ALTER TABLE `gany_tests` DISABLE KEYS */;
INSERT INTO `gany_tests` VALUES (1,'from testlib import utils\n\nclass NovostroykiMain( utils.PageTest ) :\n    \"Главная страница новостроек\"\n\n    url = u\"http://novostroyki.lun.ua/\"\n    title = u\"Новостройки - ЛУН.ua\"\n','new'),(2,'from testlib import utils\n\nclass PopularBlockLinks( utils.SubTest ) :\n    \"Проверка правильности ссылок в блоке \'Популярные новостройки\'\"\n    __parent_test__ = \"NovostroykiMain\"\n\n    def run(self):\n        popularlink_xpath = \'//*[@id=\"content\"]/div[2]/div[2]/table/tbody/tr/td[1]/span/span/noindex/a\'\n        href = self.webpage.find_element_by_xpath( popularlink_xpath ).get_attribute(\'href\')\n        assert href.startswith( \'http://www.lun.ua/redirect?to=\' ), \'link {0} go not through redirect\'.format( href )\n        assert \"utm_source=lun_ua\" in href, \'utm_source=lun_ua not found for link {0}\'.format( href )\n        assert \"utm_medium=premium_catalog\" in href, \'utm_medium=premium_catalog not found for link {0}\'.format( href )\n        assert \"utm_campaign=novostroyki_premium\" in href, \'utm_campaign=novostroyki_premium not found for link {0}\'.format( href )\n','new'),(3,'from testlib import utils\n\nclass NovostroykiOnMap( utils.PageTest ) :\n    \"Новостройки на карте\"\n\n    url = u\"http://novostroyki.lun.ua/новостройки-на-карте\"\n','new'),(4,'from testlib import utils\n\nclass NovostroykiOfKievRegion( utils.PageTest ) :\n    \"Новостройки киевской области\"\n\n    url = u\"http://novostroyki.lun.ua/новостройки-киевской-области\"\n','new'),(5,'from testlib import utils\n\nclass NovostroykiGoloseevskiy( utils.PageTest ) :\n    \"Новостройки Голосеевского района\"\n\n    url = u\"http://novostroyki.lun.ua/новостройки-голосеевский-район\"\n','new'),(6,'from testlib import utils\n\nclass NovostroykiEconomClass( utils.PageTest ) :\n    \"Новостройки эконом класса\"\n\n    url = u\"http://novostroyki.lun.ua/новостройки-эконом-класса\"\n','new'),(7,'from testlib import utils\n\nclass NovostroykiBusinessClass( utils.PageTest ) :\n    \"Новостройки бизнес класса\"\n\n    url = u\"http://novostroyki.lun.ua/новостройки-бизнес-класса\"\n','new'),(8,'from testlib import utils\n\nclass NovostroykiEliteClass( utils.PageTest ) :\n    \"Новостройки класса элит\"\n\n    url = u\"http://novostroyki.lun.ua/новостройки-элитного-класса\"\n','new'),(9,'from testlib import utils\n\nclass NovostroykiAds( utils.PageTest ) :\n    \"Страница для тех кто заинтересован в рекламе новостроек через ЛУН\"\n\n    url = u\"http://novostroyki.lun.ua/ads\"\n','new'),(10,'from testlib import utils\n\nclass NovostroykiActionsRss( utils.PageTest ) :\n    \"RSS рассылка акций\"\n\n    url = u\"http://novostroyki.lun.ua/акции.rss\"\n','new'),(11,'from testlib import utils\n\nclass NovostroykiActionsRss( utils.PageTest ) :\n    \"RSS рассылка акций\"\n\n    url = u\"http://novostroyki.lun.ua/акции.rss\"\n','new'),(13,'global datetime\nfrom testlib import utils\nimport datetime\n\nclass NovostroykiActionsList( utils.PageTest ) :\n    \"Страница списка всех акций по новостройкам\"\n\n    url = u\"http://novostroyki.lun.ua/акции/\" + str(datetime.date.today().year) + \"/\" + str(datetime.date.today().month)','new'),(14,'from testlib import utils\n\nclass CottageMain( utils.PageTest ) :\n    \"Главная страница котеджей\"\n\n    url = u\"http://cottage.lun.ua/\"\n    title = u\"Коттеджи ЛУН.ua\"\n','new'),(15,'from testlib import utils\n\nclass NovostroykiSearch( utils.PageTest ) :\n    \"Страница поиска новостроек\"\n\n    url = u\"http://novostroyki.lun.ua/поиск-новостроек\"\n','new'),(16,'from testlib import utils\n\nclass CottageSearch( utils.PageTest ) :\n    \"Страница поиска котеджей\"\n\n    url = u\"http://cottage.lun.ua/поиск-коттеджей\"\n','new'),(17,'from testlib import utils\n\nclass CottageOnMap( utils.PageTest ) :\n    \"Котеджи на карте\"\n\n    url = u\"http://cottage.lun.ua/коттеджи-на-карте\"\n','new'),(18,'from testlib import utils\n\nclass NewBuildingPetrovskiyKvartal( utils.PageTest ) :\n    \"ЖК Петровский квартал\"\n\n    url = u\"http://novostroyki.lun.ua/жк-петровский-квартал-837\"\n','new'),(19,'from testlib import utils\n\nclass CottageVushneveMistechko( utils.PageTest ) :\n    \"Котедж \'Вишневе Містечко\'\"\n\n    url = u\"http://cottage.lun.ua/вишневе-містечко-1248\"\n','new'),(20,'from testlib import utils\n\nclass NovostroykiKrim( utils.PageTest ) :\n    \"Новостройки Крыма\"\n\n    url = u\"http://novostroyki.lun.ua/новостройки-крыма\"\n','new'),(21,'from testlib import utils\n\nclass CottageOfKievRegion( utils.PageTest ) :\n    \"Коттеджи киевской области\"\n\n    url = u\"http://cottage.lun.ua/коттеджи-киевской-области\"\n','new'),(23,'from testlib import utils\n\nclass NovostroykiKiev( utils.PageTest ) :\n    \"Новостройки киева\"\n\n    url = u\"http://novostroyki.lun.ua/все-новостройки-киева\"\n','new'),(24,'from testlib import utils\n\nclass CottageKievSvyatoshinskiyRegion( utils.PageTest ) :\n    \"Коттеджи киево-святошинского района\"\n\n    url = u\"http://cottage.lun.ua/коттеджи-киево-святошинский-район\"\n','new'),(25,'from testlib import utils\n\nclass BuilderLikoHolding( utils.PageTest ) :\n    \"Страница застройщика ТОВ \'ТМО Лико-Холдинг\'\"\n\n    url = u\"http://novostroyki.lun.ua/тов-тмо-лико-холдинг\"\n','new'),(26,'from testlib import utils\n\nclass NovostroykiMainSearchTypeahead( utils.TypeaheadTest ) :\n    \"Проверка правильности автокомплита на главной новостроек\"\n    __parent_test__ = \"NovostroykiMain\"\n    \n    input_xpath = u\'//*[@id=\"search-input\"]\'\n    \n    autocomplete = {\n        u\'голо\' : [\n       		u\'ЖК Голосеево (ул. Голосеевская, 13, Киев)\',\n       		u\'ул. Головатого, 20 (Борисполь)\',\n        	u\'ул. Головацкого/ул. Декарта (Львов)\',\n        	u\'ЖК Лелека (ул. Головатого, 76, Борисполь)\'\n        ],\n    	u\'ху\' : [\n        	u\'ЖК Дом с Ротондами (ул. Сухумская, Харьков)\'\n        ]\n    }\n\n','new'),(27,'from testlib import utils\n\nclass NewBuilding1170( utils.PageTest ) :\n    \"Страница новостройки ул Фрунзе 85-87а (1170)\"\n\n    url = u\"http://novostroyki.lun.ua/ул-фрунзе-85-87-а-1170\"\n    title = u\"ул. Фрунзе, 85/87-А - жилой комплекс ул. Фрунзе, 85/87-А (г. Киев) - цены, фото, отзывы, форум - Новостройки ЛУН.ua\"\n','new'),(29,'from testlib import utils\n\nclass NewBuilding1170TypeaheadTest( utils.SubTest ) :\n    \"Проверка правильности автокомплита\"\n    __parent_test__ = \"NewBuilding1170\"\n\n    input_xpath = u\'//*[@id=\"search-input\"]\'\n    \n    autocomplete = {\n        u\'голо\' : [\n       		u\'ЖК Голосеево (ул. Голосеевская, 13, Киев)\',\n       		u\'ул. Головатого, 20 (Борисполь)\',\n        	u\'ул. Головацкого/ул. Декарта (Львов)\',\n        	u\'ЖК Лелека (ул. Головатого, 76, Борисполь)\'\n        ],\n    	u\'ху\' : [\n        	u\'ЖК Дом с Ротондами (ул. Сухумская, Харьков)\'\n        ]\n    }','new'),(30,'from testlib import utils\n\nclass NovostroykiOnMapTypeahead( utils.TypeaheadTest ) :\n    \"Проверка правильности автокомплита новостроек на карте \"\n    __parent_test__ = \"NovostroykiOnMap\"\n\n    input_xpath = u\'//*[@id=\"search-input\"]\'\n    \n    autocomplete = {\n        u\'голо\' : [\n       		u\'ЖК Голосеево (ул. Голосеевская, 13, Киев)\',\n       		u\'ул. Головатого, 20 (Борисполь)\',\n        	u\'ул. Головацкого/ул. Декарта (Львов)\',\n        	u\'ЖК Лелека (ул. Головатого, 76, Борисполь)\'\n        ],\n    	u\'ху\' : [\n        	u\'ЖК Дом с Ротондами (ул. Сухумская, Харьков)\'\n        ]\n    }','new'),(31,'from testlib import utils\n\nclass NovostroykiGoloseevskiyCoutner( utils.CounterTest ) :\n    \"Проверка районов новостроек на странице Голосеевского района\"\n    __parent_test__ = \"NovostroykiGoloseevskiy\"\n\n    texts = [\n    	[u\'Киев, Голосеевский\', \'=\', 25]        \n    ]','new'),(32,'from testlib import utils\n\nclass NovostroykiEconomClassCounter( utils.CounterTest ) :\n    \"Проверка класса новостроек на странице новостроек класса эконом\"\n    __parent_test__ = \"NovostroykiEconomClass\"\n\n    texts = [\n        [ u\'эконом\', u\'>=\', 26 ]\n    ]','new'),(33,'from testlib import utils\n\nclass NoKievBuildingsInKievRegion( utils.CounterTest ) :\n    \"Нету киевских новостроек\"\n    __parent_test__ = \"NovostroykiOfKievRegion\"\n\n    texts = [\n        [u\'Киев \', u\'<=\', 1]\n    ]','new'),(34,'from testlib import utils\n\nclass DistrictsLoadOnCitySelect( utils.LoadOnSelectTest ) :\n    \"Проверка подгрузки районов при выборе города\"\n    __parent_test__ = \"NovostroykiMain\"\n\n    select_xpath = u\"//*[@id=\'city\']\"\n    loaded_element_xpath = u\"//*[@id=\'district\']\"\n\n    select = [\n        [\n            u\'Киев (414)\',\n            [u\'Голосеевский\', u\'Дарницкий\', u\'Деснянский\',\n             u\'Днепровский\', u\'Оболонский\', u\'Печерский\',\n             u\'Подольский\', u\'Святошинский\', u\'Соломенский\',\n             u\'Шевченковский\']\n        ],\n    	[\n         	u\'Донецк (30)\',\n            [u\'Ленинский\',u\'Киевский\',u\'Пролетарский\',\n             u\'Куйбышевский\',u\'Ворошиловский\',u\'Калининский\',\n             u\'Петровский\',u\'Кировский\',u\'Буденновский\']\n        ]\n    ]\n','new');
/*!40000 ALTER TABLE `gany_tests` ENABLE KEYS */;
UNLOCK TABLES;
/*!40103 SET TIME_ZONE=@OLD_TIME_ZONE */;

/*!40101 SET SQL_MODE=@OLD_SQL_MODE */;
/*!40014 SET FOREIGN_KEY_CHECKS=@OLD_FOREIGN_KEY_CHECKS */;
/*!40014 SET UNIQUE_CHECKS=@OLD_UNIQUE_CHECKS */;
/*!40101 SET CHARACTER_SET_CLIENT=@OLD_CHARACTER_SET_CLIENT */;
/*!40101 SET CHARACTER_SET_RESULTS=@OLD_CHARACTER_SET_RESULTS */;
/*!40101 SET COLLATION_CONNECTION=@OLD_COLLATION_CONNECTION */;
/*!40111 SET SQL_NOTES=@OLD_SQL_NOTES */;

-- Dump completed on 2013-02-21  3:58:47
